ID,TARGET
1,699.9460479493315
2,2.201636958126441
3,0.17382042702165895
4,2.901732798953927
5,3.4944939431544335
6,434.9821315263837
7,12.65166140673737
8,0.8659871561347332
9,524.3467462562896
10,939.2314776528576
11,388.47323639150665
12,836.0941512194696
13,0.6349975190622676
14,848.9813411166579
15,2.166952480777246
16,5.160978236792487
17,1.02637259754353
18,2.0883727988440763
19,98.26518151611367
20,993.7649434571488
21,699.1740052043549
22,1.0403894952471622
23,3.3132282434660416
24,-0.311800461179385
25,1040.3131569284003
26,796.3089468275332
27,1.1526602132813373
28,0.11910199782989453
29,817.2761410386448
30,-0.9027995870556891
31,2.0138061795606053
32,1.2867689306854104
33,-0.20148848343206616
34,711.9021701227441
35,67.87017162745572
36,0.6540321373089735
37,1.6986504039570334
38,303.2413884074107
39,34.526251952532796
40,-0.47268673576608244
41,0.6543225914749816
42,-2.207358316296495
43,805.0767038883929
44,748.0723703926725
45,0.8877901227624876
46,1.086972494964542
47,62.36916009255927
48,582.572446265943
49,14.907082676855858
50,2.836039392647085
51,1.7639488170631497
52,810.1926545129113
53,5.0521600362043575
54,48.956322836858746
55,2.35886804307238
56,407.689040367804
57,2.8544781974119866
58,1.360677469687841
59,3.4815258289026305
60,1.9551685942348902
61,3.3790916766580352
62,0.9990935050531923
63,81.35625391490686
64,2.1710228939831206
65,474.02675766904997
66,1.364216218765039
67,2.8140741221650063
68,17.12879645507705
69,0.7375985145529974
70,2.0169077987082575
71,-0.6308709355126706
72,3.0801885486468046
73,348.35277933587616
74,76.774011561533
75,1.8748339226986914
76,271.98572310521655
77,96.7083074798344
78,791.8004587416688
79,0.12774968491209632
80,2.160743153955658
81,2.286355732274511
82,4.289375445815159
83,-0.26598564129553015
84,1.52785573742804
85,442.5336439012283
86,0.23578395039386035
87,36.74180295583837
88,422.09560741907654
89,1.905707720002407
90,0.3789322078026804
91,108.63539828201436
92,1.5374130885660031
93,19.68674338969967
94,0.6647674438981087
95,0.36281478357111696
96,5.527338221914981
97,783.5360534041486
98,340.68902739619205
99,0.22931146749468784
100,1.2487089359025643
101,17.246014563171517
102,8.939299664021613
103,1.5938033956628976
104,0.9263929890791865
105,1.133219106775754
106,312.13973166125584
107,1013.9618069928689
108,1.1003662566910855
109,0.5499390334816056
110,905.2337469577724
111,0.9361759318523268
112,909.7025834721237
113,501.5647041289758
114,531.4369880344656
115,3.411004066251643
116,2.4390537992193346
117,0.9727625899003676
118,474.0721264397556
119,497.1223499437254
120,-1.3846915430136666
121,979.9477977790922
122,76.9705983641558
123,-0.3927869929343455
124,898.2253797480221
125,1.9888707819955949
126,-1.0228011759581523
127,1.6650075920327678
128,388.4163596704785
129,777.9268812353507
130,1.6476019578750631
131,0.9189595236638037
132,405.2592478008346
133,326.3456421530439
134,0.4183078012645341
135,548.9993771848476
136,5.8571845425647435
137,395.50180455312216
138,1.559587484222302
139,699.2449566921873
140,1.75308262992553
141,780.8276516432452
142,931.4857148385679
143,174.49834317994174
144,2.841667164557708
145,1.9032640517762873
146,1.7351019704634498
147,1.1366597372358713
148,-5.783226303669936
149,1.741693761268829
150,1.260001933542247
151,816.9554847591165
152,1.65109735990646
153,708.4818934432079
154,1.0424752896949114
155,27.47172839170774
156,913.6452193189194
157,917.7452809469046
158,1.0904749303293801
159,2.823239435472275
160,436.3200103879884
161,3.0752899687172803
162,4.027370706784293
163,148.5922242465702
164,1.2749302225344858
165,0.747585035593044
166,30.926168522302444
167,653.1659540958435
168,1.5175187487624346
169,935.7928309389229
170,844.6877538602666
171,308.75786376602986
172,-2.5556401744873978
173,1.8436082856461786
174,180.21663292555382
175,5.324654458108368
176,375.0453212855639
177,679.4206897366661
178,540.6561512376948
179,755.9649893322539
180,356.36900563994544
181,3.0787326263981676
182,1.2210690605928347
183,1.067312511521128
184,-1.5183649941288588
185,1.7339528947168037
186,702.5055588551088
187,60.44966774035487
188,3.8666104824598757
189,1.522616417103404
190,80.56181592467246
191,197.56344988489235
192,0.629984676332519
193,111.65096484995956
194,183.21822176044947
195,3.9276424268297263
196,0.9748028902455174
197,0.7254383175304884
198,1.880474334176717
199,75.22674214503915
200,173.7029252991909
201,1.0724529721455092
202,0.2814825887166631
203,798.8512362995916
204,0.3838085553474646
205,0.5711832837645878
206,2.787135919086948
207,50.55629939100222
208,700.792392650645
209,1.2050785205313188
210,416.89831179471526
211,987.5985259415255
212,189.11065692020208
213,2.004107055217929
214,238.66782581594276
215,1.0802735235651293
216,1.787161583955823
217,751.7097434088691
218,2.62604621585554
219,3.2365643254328136
220,1.189096964710489
221,606.9437919405999
222,59.13767740223223
223,230.05379581851713
224,1.2496971590032873
225,1.9366092568806836
226,787.8406685568586
227,619.8976616287501
228,627.7941579257217
229,1.8683624705708834
230,1.7328718193459516
231,968.8942528028072
232,2.2360737114493063
233,79.62337153799957
234,307.9857371108795
235,1.1213107181355086
236,2.1987093195838256
237,1.7776539828404898
238,138.81742550058783
239,800.5719846508105
240,903.8408394627404
241,648.0862832583874
242,4.562982487262267
243,1.1229827178362302
244,2.473413847142124
245,2.926138872403321
246,259.5529700752594
247,81.0349660119607
248,51.751036332150846
249,1.426391943440505
250,1.0879814205257947
251,305.3765820130056
252,311.6564842254059
253,1.9088077240214978
254,858.9548074594695
255,1.8665634917591902
256,357.54669294203984
257,503.55220645812506
258,1.6426143199469372
259,1.7781235476145194
260,-2.0596899894215706
261,605.2090415015465
262,576.6119880923735
263,678.2806853779459
264,2.5750270140527207
265,2.59524112604156
266,281.7027408183243
267,4.223327373683563
268,876.974580645465
269,1.828092961687376
270,831.5707645491711
271,2.7204139573577164
272,49.76008281888629
273,2.1307748035391376
274,57.17243043208798
275,898.2603791241952
276,-4.09421447125442
277,1.2595776969731418
278,2.4321340249622074
279,1.5498787343963576
280,687.8604668509238
281,659.8252650506976
282,459.5725758003941
283,522.8122278473711
284,-0.3192526488384811
285,342.9698627950009
286,2.087434714147436
287,0.7894598115446052
288,-0.33926908162625957
289,-0.8598123201909638
290,1.5474671048183821
291,360.5339365747204
292,119.46907568361479
293,3.0773340153758633
294,604.1481860956809
295,212.6983331601611
296,275.3373583146412
297,439.13967629211913
298,1.9278196448829583
299,2.835756489249246
300,-8.655032378825823
301,535.3904353914597
302,240.5807626232352
303,1.2794426105284078
304,27.979951560137216
305,1.5414133138398145
306,1.0671910376156641
307,2.7751760478900787
308,558.4653347678022
309,-0.5669310034232096
310,322.5119768390429
311,0.030842990486624908
312,-0.25038949502928065
313,0.4212081748774414
314,2.7594802956438516
315,3.2463557798697162
316,1.6908709161344024
317,-0.7680757895744106
318,551.1297659781261
319,270.4366051958745
320,6.782939620727832
321,5.503673122116666
322,8.687047135153282
323,636.7542941909991
324,1015.888707210527
325,3.3390925842726182
326,448.04796201860154
327,0.5626892028649897
328,81.79080714390868
329,605.6001552565979
330,3.1719213433644797
331,604.9800522484597
332,3.308802141592018
333,416.50159890954154
334,1.5104849826889089
335,840.461895896794
336,127.0344457369917
337,236.56551577432765
338,524.3397751418896
339,17.379101176475057
340,78.63835975695991
341,-0.37754570995393094
342,768.1713231523104
343,2.1237502137213085
344,1.1477768350508324
345,2.2751019090156777
346,1.0061450373065617
347,2.029333218638652
348,539.9739089187165
349,1.1940795656974523
350,-0.27245374286906193
351,1.8888156010865904
352,497.2232913590992
353,91.95058516934552
354,1.5625160308618031
355,706.8830019536842
356,3.4821600683533194
357,1.656137266351412
358,0.39862773901574367
359,0.3974786325700224
360,6.453343773463526
361,996.8155803290339
362,2.6006576254223153
363,530.6796240872518
364,1.923428336466607
365,1.7273897212322114
366,856.3731792079557
367,35.1873101443925
368,0.7353975568764447
369,1.3583655394247145
370,477.9878170958024
371,-0.0881910038811109
372,1.9285223207855895
373,635.0104117542421
374,128.5947210792158
375,1.8038462616870325
376,217.27733509610732
377,672.7654509862001
378,699.5876240944754
379,-0.30947231065299946
380,1.4109151972301206
381,1.5940092878437184
382,23.37826142743829
383,52.984938956395396
384,651.0181601925434
385,2.625919353269155
386,1.800756714766948
387,113.8664669488678
388,11.445305447071902
389,65.99313694363266
390,0.1810651465857083
391,1.5116355506109986
392,330.5507458092188
393,2.80223371460317
394,1.3617720248860028
395,534.8505743320842
396,-2.9207929767086247
397,371.8507896789835
398,962.7655240241033
399,517.0275858007805
400,306.3228169812661
401,0.9735425912754213
402,121.88048057229477
403,1.0979376769815052
404,10.064272661168191
405,3.9935779284149753
406,1077.7360291195162
407,2.3503598419988156
408,1.3767234015461334
409,94.65773144050077
410,837.8514044669294
411,576.9163326512025
412,1.1798651139745888
413,27.359951890281888
414,350.606953916346
415,738.6252159828589
416,30.985930588703205
417,1.2169375365218524
418,16.028290481839473
419,97.5725935011644
420,2.414347770967401
421,1.1614286748399536
422,1.67481734433777
423,-0.725063914184417
424,927.6146580683279
425,0.8184703688057652
426,256.1684182785074
427,0.3205841627295516
428,639.2978675714636
429,1.086919746364439
430,1.3670902720541989
431,328.64698956924303
432,3.054274360415023
433,0.22349707755173864
434,0.804618319082175
435,1.5225046514477465
436,3.41483657716397
437,97.1854359762782
438,651.0092758227856
439,978.2227998666125
440,1.3676366399045001
441,635.1087584003354
442,0.7951892959147667
443,36.72355731796008
444,229.93253536578348
445,0.7812707384839153
446,284.09055154634865
447,963.0795088397135
448,654.9403897587798
449,54.541171556933136
450,1.5456476975352038
451,0.7886786080693474
452,327.7265563596781
453,806.2092074094003
454,715.6389018862734
455,715.368444501604
456,0.6287580985162394
457,3.9929781695904243
458,2.6671371141651465
459,-0.09263550563150434
460,773.7775270766563
461,-0.024017933946527792
462,63.15764595588694
463,359.7825228735191
464,768.2217654525952
465,1.1682982661403325
466,2.029140589134545
467,264.3798935500118
468,713.8716197199841
469,1.970222919623014
470,0.3751987968262583
471,833.6797262831053
472,532.285611461972
473,3.0486739064034256
474,1.0085626927899436
475,692.8513794363245
476,1.3351634890314923
477,1.0779565887705638
478,1.4212770802194903
479,246.22683246011022
480,148.79628471197933
481,865.2253454327897
482,176.06041691564278
483,211.5887551541249
484,0.541640448713519
485,484.64866629557514
486,0.802370653891439
487,310.06389017098064
488,369.9240172353951
489,1070.9061088988706
490,772.8543263812916
491,505.28039017017386
492,2.995093447963542
493,968.2552794731072
494,390.31749923385354
495,1.8729415269578424
496,0.2884408347591233
497,1.5736558029816359
498,2.361473094168861
499,254.1850990117377
500,348.41734045577107
501,392.45285387354164
502,3.2720570504505906
503,1.3933841591038885
504,950.5543478217929
505,2.075285276315979
506,623.9705857285342
507,2.15220205971457
508,482.1389406938297
509,823.2378624403987
510,718.2024365344625
511,51.01142196350189
512,2.141916350312741
513,833.1468593712929
514,498.3588773518403
515,788.2642420463553
516,860.2387062348489
517,951.3400922213965
518,3.3983953373978846
519,553.9849773907296
520,-2.6464290362825227
521,0.629149197756355
522,24.14460985594301
523,1.2012717677149118
524,893.934606171398
525,0.05401669616887405
526,-0.11796983286986384
527,0.7398789065263334
528,908.1339990283275
529,1.1844955121237735
530,447.95931779182126
531,0.7964769757252166
532,2.162844921862137
533,0.8735440828622314
534,1.1361783619880303
535,-0.8172046488049056
536,35.45168907497657
537,1.4746853349927043
538,1.44954392126858
539,3.3827233786910904
540,1061.3129313038114
541,1.7869493186354277
542,70.97484471413058
543,140.05331165181974
544,0.23299157420223926
545,2.955775680404789
546,186.16102444091075
547,2.4516471719188213
548,3.838398865092975
549,3.248090057681678
550,1.3391120103799996
551,0.7611233285441218
552,448.58472199912933
553,815.6735619102326
554,1.4078369732214409
555,1.2087863128862775
556,2.557896151417214
557,1.9478244077774967
558,12.214360747311353
559,1.4276485828344312
560,1.2049523661048127
561,27.97267349435247
562,2.054380724406594
563,209.1360800392992
564,450.0001813472915
565,3.4027530294654507
566,147.08340162712005
567,0.39570251993043304
568,298.9376521488789
569,1.0401218002214736
570,569.377064988622
571,61.36621131687017
572,193.41907367708055
573,3.914932001017181
574,844.0477310047487
575,4.230382189558836
576,21.485330312573076
577,873.6595874351896
578,1.0208800766959394
579,772.8611867291422
580,809.4113932401701
581,90.94826871559299
582,465.00419339647544
583,0.85300502612434
584,2.677794484857671
585,3.1456824969120283
586,753.4718015842527
587,0.12855322827625426
588,72.91666892433742
589,39.141690077490786
590,1.6899733574461924
591,0.9341532627350662
592,1.5338096107481092
593,1.9705343751537006
594,-1.7793948922108442
595,393.8252204241792
596,329.50286706605584
597,0.2275796970256582
598,1.6115319390613068
599,234.5063495478547
600,0.943041578665412
601,342.61354961267074
602,313.4113743219654
603,955.8189785567987
604,-0.7003305901309409
605,2.290925449198206
606,0.9120219321918064
607,-1.5555524544488248
608,2.2199659187423078
609,889.7945544053662
610,322.01598946390897
611,-0.16290475102953234
612,898.3231551828385
613,1.4647131271963205
614,0.5055673773219844
615,341.00435956122385
616,780.9303560072923
617,279.95981531358683
618,615.4761630339976
619,839.712007028726
620,169.2593338483439
621,164.6545043625993
622,936.1921718048155
623,1.965033177877642
624,2.018166761990509
625,1.7543270589863602
626,-1.0611809863405532
627,931.3428639740213
628,0.39709247670267095
629,60.57939731623076
630,0.17378758440167022
631,2.0286694314388556
632,785.9116251393966
633,164.33490416227616
634,382.7156072975197
635,44.53485139332513
636,0.6331814315923223
637,1.117902861189707
638,254.99284164786974
639,6.7029767294178235
640,-4.449135768283239
641,0.046471525151897466
642,710.3020804140251
643,905.1782264896748
644,-0.43878076027493607
645,0.8851698759567708
646,255.18745134848248
647,0.4273468140702774
648,890.2285071039511
649,3.115198047361858
650,732.025883442092
651,1.130848543003707
652,31.314065627256785
653,843.4367864509336
654,1.3486017299084927
655,702.8885128642038
656,885.0498575732144
657,18.547813838075736
658,0.9968918867708144
659,-0.4677707740035772
660,0.15157579934501986
661,1.8733123621223107
662,1.6421489633106217
663,4.332549477609923
664,1.4335744989933628
665,916.8220683279869
666,189.60754500606572
667,420.3414921853911
668,142.64792531638008
669,1.7580118943764442
670,568.8007918717186
671,0.7166008654854908
672,1.2648147559614595
673,6.859470812418624
674,190.5787654750995
675,0.21084958250481636
676,1.3085043313104858
677,0.8310460725542657
678,102.6719526218541
679,0.5741277847096778
680,303.80579020073526
681,463.4216288263361
682,844.402541050031
683,1.4704502702964606
684,315.9062685420756
685,827.4106604721767
686,400.48429966927085
687,4.394715040200777
688,-0.9286184737570241
689,1028.2663885515267
690,626.6402477302913
691,523.4863325745878
692,850.2950388317795
693,1.9863913674746834
694,199.6890873422661
695,-1.1093586385756407
696,301.7908642807702
697,1.7795107373605286
698,927.4428597570168
699,635.9164548124184
700,885.823813104512
701,24.28255362249233
702,1.0489222564072502
703,518.2095453444696
704,3.540754444327255
705,1074.0926154403805
706,127.2884216100584
707,1.6946008185630377
708,0.8325621448020389
709,-0.3443151001625029
710,309.4398659727271
711,0.8693978403567201
712,275.64627170152266
713,1.644855161090136
714,2.6656405103294376
715,1.6909689312323155
716,200.82469614855526
717,855.965777719465
718,4.876920015381518
719,862.4379393986738
720,188.4005739239587
721,790.313768897705
722,1.0612759285155238
723,10.475160446365974
724,1.0617995285547206
725,158.86696124916344
726,123.3595833904073
727,3.1228545964038505
728,433.47998198241055
729,4.177301230983013
730,1.145298840452821
731,0.8073981261089953
732,-5.36088646553499
733,889.2049096672717
734,952.2173934093953
735,0.03608201854947518
736,2.6313841022677185
737,1.405061758355444
738,858.5545146378217
739,679.4956548212105
740,3.1293570881417194
741,885.8216949346116
742,340.98391718814935
743,1.4417121697365984
744,2.3602833530187066
745,2.4538057171825964
746,836.920497502088
747,3.763924012424896
748,2.230687665637073
749,2.0376404207528767
750,737.8848766967482
751,2.0203553494375455
752,653.3972465817258
753,3.4741142703749786
754,371.05992554937154
755,383.39738041312205
756,850.7083329817283
757,251.22833788342652
758,931.8342752385547
759,2.7659317150712495
760,1.1703166472110558
761,2.9900030726308753
762,686.8925321209001
763,0.3188261991490585
764,243.5558312156866
765,991.2595498196529
766,2.176520669322355
767,2.7832787695050873
768,32.475114357314034
769,0.4102334831481762
770,-0.31537451162945396
771,4.102548323576468
772,297.2539152754539
773,1.7921172086700359
774,660.3442945851882
775,499.88512610018
776,155.01735887556828
777,821.8965114844923
778,546.8429031777243
779,715.0881615889152
780,907.9596458681707
781,0.06382424420701518
782,578.5444315430992
783,812.4716928920976
784,15.760598883462574
785,0.2611316087938222
786,393.94830024207533
787,2.014540313026633
788,348.5154762755157
789,0.6408827257943757
790,1.0196875860799703
791,-0.37913269432236774
792,-0.301435573821647
793,2.1159011433240282
794,251.48648036329834
795,3.073009852938243
796,-0.3428760934723385
797,95.09401159603598
798,385.77660579064496
799,-0.6727939383108623
800,568.3192233682048
801,1.1374569599991262
802,-1.2410703148960267
803,3.1468142237283145
804,2.1314771907523498
805,923.4518013243569
806,5.008459090774291
807,1.220157502842001
808,8.118323386291058
809,841.9905160353885
810,103.11053068603356
811,17.666328459153508
812,2.195895972659253
813,911.3005985510954
814,0.8809623486777102
815,0.9033319888604174
816,1.5458048347235034
817,1.3176847586476983
818,856.4901208055933
819,0.5834496247027522
820,2.366061173549424
821,614.379154485215
822,448.0352860053448
823,0.500035882387394
824,1.700496258777141
825,912.3467912271258
826,173.0801505060668
827,90.43012678239597
828,128.8572376933902
829,621.8870355148181
830,1.252380321055195
831,406.08987954714013
832,0.9212017108764275
833,10.501480957447162
834,3.7938093481525006
835,0.560316886132185
836,679.6435031264782
837,798.0562283032809
838,761.5795603172096
839,2.2622192590121046
840,272.7107268357157
841,777.4191074076103
842,40.21865475923131
843,1.5860554278194035
844,1.7489744115218744
845,4.5179370283758935
846,1.2487965667390726
847,153.4250335595068
848,520.8928141953405
849,-0.7418981795377289
850,925.1425074255617
851,0.5865207273550732
852,0.5402000021205708
853,2.6678313501351196
854,353.1249525310286
855,882.0836287515681
856,5.6020209518033806
857,1.465249250595291
858,0.9591464293615365
859,117.76271346508737
860,16.124709754960712
861,350.91421413399075
862,1.3928924254672885
863,0.9272733319313332
864,300.8683165278467
865,24.293735240490943
866,-3.123014163419939
867,446.8143583310001
868,2.2236942389717744
869,293.3313179075582
870,2.1568218192266904
871,2.774963222018498
872,0.7299710193759055
873,846.5489093527812
874,904.6036222415278
875,136.45688363415394
876,175.19800741363056
877,326.97891080012334
878,1.1521497815195563
879,0.0799766405648786
880,525.5611735910734
881,0.8143713367792407
882,626.1883219443731
883,3.7424734578965735
884,404.3366956927683
885,217.99272764310587
886,1.7508314647147103
887,172.0992135657007
888,61.59569659988648
889,338.21040618104973
890,4.507059313661608
891,585.4071077776786
892,1.6601317723318332
893,66.03074033234216
894,69.33061072395816
895,2.2830421117024935
896,365.314791199243
897,311.9397481620188
898,1.0835339010965284
899,2.0170765093274423
900,0.5775313890100561
901,856.4901208055933
902,0.8194883168313852
903,1.9181804958858277
904,0.1470388492471753
905,0.5876267024696994
906,25.776108675921336
907,792.4174785373325
908,1.1283097598444631
909,7.014552062439458
910,73.9262104881436
911,1.3367214785791424
912,1003.8653029435262
913,3.570528880532196
914,30.789213125956973
915,0.7380512515299145
916,49.68401528910035
917,12.95046002109596
918,996.7223704167344
919,303.62815580349496
920,241.78456820395996
921,2.0563423494254676
922,803.3684202961949
923,1.2094917299549781
924,0.3294674616702795
925,14.487569981889386
926,2.942937170409868
927,185.54504199130912
928,4.959347095891044
929,0.5111308290146785
930,0.8791266345522918
931,3.5906322449128205
932,410.49461514426605
933,11.213292892084581
934,0.7046914531588271
935,-7.841122252164536
936,0.2766715063633986
937,1037.3273693409933
938,1.1186306596993028
939,1.7642698277892812
940,2.7576371714986694
941,1.596522574210714
942,235.0892097313291
943,0.6508366836603768
944,-6.393228977989774
945,1.8020438106319536
946,2.3699260945073215
947,0.914295618384867
948,-0.544163824148267
949,228.3061805604234
950,403.4605334235189
951,193.24922628621806
952,2.6749277058546426
953,210.07757439188612
954,825.5044705059324
955,1.3893723604545154
956,0.8131022258202104
957,448.6472779579046
958,2.2980982466286406
959,283.0768782523805
960,1.596378590968675
961,15.453860718670818
962,604.2668999948047
963,2.02465290349115
964,233.00474529276914
965,1.9247356670867768
966,2.874246205959044
967,750.7166279542151
968,2.424759342435944
969,12.865661962681237
970,193.1212160993618
971,892.2790085314675
972,-0.32401509066930884
973,919.0856721025768
974,73.25142662255125
975,924.7797897164526
976,-0.35167245883085824
977,1.1310476512576402
978,-0.04872028029438803
979,1.3960175173600444
980,259.3046192358891
981,-1.536790254248022
982,916.1911183051748
983,1.7340896962554004
984,3.6278932502203114
985,0.6149507557607229
986,356.5696754164097
987,2.233396341086196
988,3.2588205700510624
989,341.8295813519427
990,1.205198569914177
991,0.8101333188511153
992,793.5450915474979
993,2.15598591360352
994,292.2588005658915
995,1.301569923088894
996,510.376317060395
997,171.58324446932852
998,0.8122847861048091
999,409.03983313950886
1000,3.0232008223217504
1001,102.47066478476026
1002,603.4490650613398
1003,8.084042760782282
1004,2.3127115976487245
1005,6.745399250029834
1006,90.07341403877274
1007,2.280784823330732
1008,3.1577682088583297
1009,4.156774653235811
1010,174.06110311366902
1011,0.7009641079678393
1012,2.070796500627898
1013,1.2645822617076674
1014,3.7859021405627695
1015,515.0273287738877
1016,3.2335030311996045
1017,665.9168852773457
1018,1.1503778462043002
1019,840.3701528120968
1020,3.7331796034975007
1021,0.6030398787054553
1022,21.387615510961684
1023,0.4965541385950857
1024,60.750732247038435
1025,1.0094320622970194
1026,166.06816348012714
1027,2.067512478304036
1028,-0.021643856100076957
1029,925.2326777895842
1030,570.4205450716938
1031,1.4680964151600864
1032,3.4364775052611027
1033,1.1960666603674839
1034,4.182764433512561
1035,1.646324846252312
1036,674.4216688301188
1037,900.1676011461484
1038,-0.670342547271825
1039,1.2430081455367985
1040,1.8646617124884388
1041,34.45841299487101
1042,111.13687277634767
1043,217.54391259789352
1044,11.96781557783618
1045,1.8972763571978097
1046,0.9701036446453949
1047,2.3553684832684656
1048,307.5027036588392
1049,1.8828956112234416
1050,324.91951933073034
1051,-0.4107749335774944
1052,1.3084769841526558
1053,2.603622604820626
1054,2.064807026487765
1055,0.8120383101999064
1056,29.205775936005374
1057,966.6931207735042
1058,267.05117979215737
1059,875.336777987671
1060,66.59590809107235
1061,3.7336880949338607
1062,440.2357359153184
1063,2.27885552886232
1064,14.226453339479885
1065,771.7397091208937
1066,1.6299246302745252
1067,0.836152141949481
1068,0.06149429111148125
1069,1.9792890227965434
1070,1.5406810921446945
1071,145.30808243223447
1072,1.990618358272346
1073,255.73165367966422
1074,1.524727079061287
1075,42.29675617689954
1076,3.8821171878588334
1077,372.0411164807133
1078,2.536899528806799
1079,0.018930796187164783
1080,6.509075738221236
1081,0.7067286776365924
1082,0.8788987756197837
1083,342.70709237974035
1084,436.52984707750136
1085,1.579216233590816
1086,457.35251944626623
1087,-0.01873678495484249
1088,668.5943820813748
1089,1057.8325675618628
1090,1.078524238347696
1091,637.6007058659352
1092,2.366860009521037
1093,1.674662327886608
1094,1.383526880914881
1095,420.52929704101825
1096,1.7590521598428732
1097,0.8844862959381548
1098,2.3820636270579656
1099,1.4312148752787883
1100,1.582004357423676
1101,1.6362618084557634
1102,0.3801634467667861
1103,281.5738070443061
1104,819.2140284043469
1105,0.46658751922162534
1106,2.7874226485103937
1107,583.5748605149201
1108,108.4559284127825
1109,786.5344020365559
1110,0.06151111248858779
1111,220.52737014626945
1112,34.90880443449813
1113,746.3334247236993
1114,498.00777164750764
1115,3.108091623973336
1116,3.617714566370614
1117,1.4136223202537082
1118,2.315825393133123
1119,786.6143882343913
1120,80.95470737797733
1121,1.9212189547632768
1122,118.29857627844461
1123,948.4931120197447
1124,1.4026590918780195
1125,129.26656233943655
1126,2.503024246498095
1127,1.4570522973865314
1128,52.04442610248446
1129,698.3119154182358
1130,0.02736707384169465
1131,883.7132680626381
1132,279.8882923408436
1133,0.6883321898874407
1134,1.933338113038566
1135,281.1659708840254
1136,0.7401527105739354
1137,733.242688039433
1138,14.147830316264015
1139,2.0522638813433143
1140,0.9660376652128683
1141,1.0396254594536398
1142,1.9612213502795974
1143,821.6086755894178
1144,2.8032017129580398
1145,1.9403658655075322
1146,0.6017319456485024
1147,798.8583616340122
1148,2.45468334960034
1149,2.7320290540908765
1150,1.4294281272641083
1151,3.107713439647438
1152,10.804223209220657
1153,1.8937443127611795
1154,1.589780384452392
1155,32.3271475561664
1156,0.956051993850998
1157,886.4630456841095
1158,0.9920214280820698
1159,3.2151223460465532
1160,15.89950170900532
1161,502.90766129889005
1162,10.621419022007245
1163,0.5818723741829569
1164,576.9475842530547
1165,949.8200218749795
1166,1.4098908233268497
1167,-1.324169774334472
1168,0.005729203827269852
1169,6.320573628496861
1170,1.9382257094782211
1171,550.5309675833556
1172,3.9865734332971647
1173,568.634629182873
1174,40.01481525813584
1175,395.2823612663468
1176,0.3299594890773147
1177,321.9855251848509
1178,364.21550838893506
1179,830.9745857356581
1180,1.8206373341947852
1181,79.90087364046049
1182,27.55059575535975
1183,3.0405830702445273
1184,370.16605029154573
1185,1.9223111351882376
1186,530.6747463751735
1187,204.8132161076303
1188,339.64490552284593
1189,133.50757779947782
1190,7.5030864401363715
1191,869.9814208405928
1192,0.914696255444458
1193,1.2091175913497882
1194,1.9637720017733689
1195,556.040627688166
1196,2.726201989144042
1197,0.5226019082792673
1198,231.73929442058096
1199,476.26686666649425
1200,1.5352424494295622
1201,0.3915821086828227
1202,761.1987831824235
1203,54.040708394794834
1204,1.4414698503010537
1205,103.51249514158118
1206,3.549844243869833
1207,725.3626208114852
1208,-0.15697114922281696
1209,1.1314839412401643
1210,1.8977357893239
1211,2.065333378622011
1212,0.2677005304514809
1213,0.35944656312066925
1214,187.42399328384568
1215,3.8918023769270538
1216,6.804421415777943
1217,195.98600949536268
1218,2.1983601296268356
1219,913.9438316206445
1220,636.3675314534748
1221,1.292288636459924
1222,2.3681662374673267
1223,1.9331327125406788
1224,948.5298604725916
1225,0.2539801733550271
1226,83.47247520685245
1227,1.1875521151818484
1228,654.444721554941
1229,3.2914219644094667
1230,1011.8422412897568
1231,545.2833465529084
1232,1.4447458228632775
1233,-0.5479737328593701
1234,707.6438957549644
1235,912.0610926288798
1236,347.3881907777769
1237,0.9843603421207825
1238,0.46764764295799577
1239,0.8177547804206057
1240,-1.1837088044175184
1241,787.3001441018043
1242,921.9427890683991
1243,1.9975947120368551
1244,1.1095538729934828
1245,575.4958108028669
1246,36.50894765726822
1247,1.934650779960574
1248,212.49442246397066
1249,642.4300841756061
1250,948.5552527470429
1251,1.0021250288334003
1252,573.0650295926424
1253,253.64505406434688
1254,479.30726141143305
1255,1.4421651710533523
1256,2.1059440103194653
1257,788.7726938965861
1258,3.305856240799766
1259,0.6748261952235856
1260,624.1868899807504
1261,43.88036204791922
1262,760.2206454111829
1263,1.2831436299335854
1264,28.17899335692303
1265,-0.5670707673996133
1266,39.56836524308926
1267,-1.8684415546716506
1268,1.487114896627389
1269,847.5170024243946
1270,13.724553617927352
1271,1040.9210256323083
1272,782.3508054004435
1273,0.410467003426196
1274,296.4491054539494
1275,1.471389700131902
1276,610.1836694684823
1277,96.61639881021917
1278,0.5016802656816545
1279,-0.8024210281250538
1280,1.9149448954484374
1281,304.01149328328114
1282,363.5212244439073
1283,2.701490249173559
1284,767.9797728481935
1285,1.6326811882744738
1286,5.24221297704448
1287,250.31596542982084
1288,776.5995678819461
1289,1.1490699346894764
1290,195.2570964464428
1291,862.1983781425615
1292,0.5520383332823744
1293,1.3819477117801235
1294,0.5798501677005563
1295,45.999710482633084
1296,454.4680839776455
1297,371.47108848482
1298,711.7507926081366
1299,1.1595402921283475
1300,951.9446832979409
1301,143.32672944287444
1302,-0.5505588525087634
1303,232.1453396707907
1304,1.163958787012414
1305,256.30284999348055
1306,480.3343169438193
1307,1.8600588064863715
1308,-0.4915674174232516
1309,-1.6144121453542155
1310,1.9620982577819186
1311,3.428165028088641
1312,171.24025990644986
1313,174.11341581003342
1314,1.4035688828596131
1315,1.101346353422712
1316,0.8191938474755663
1317,1.792959654004282
1318,437.80680262953007
1319,70.64701147257185
1320,581.8920254888629
1321,0.9055754537791243
1322,0.22160995106149148
1323,805.5241441599984
1324,-0.45319066606651737
1325,1.9910110348380088
1326,340.60476337137897
1327,1.436453398364185
1328,342.22473817047626
1329,1.3666653877629829
1330,717.3933852764071
1331,178.21080631419233
1332,401.4305083646549
1333,118.76456566165491
1334,988.0080203015671
1335,1.4205515764293213
1336,1.605711386924925
1337,742.2928489313558
1338,2.616136644899352
1339,130.6608632425602
1340,0.7768347068220969
1341,686.8048020586696
1342,2.0509215588433927
1343,0.7056072234471895
1344,779.485651961814
1345,1.2246198161142279
1346,-2.776503080567468
1347,514.0036354946458
1348,3.3776385917026395
1349,1.5967375530359453
1350,6.782648407646824
1351,1.8083938672128024
1352,183.1385623147657
1353,438.88744814523443
1354,0.14577605611971683
1355,2.7267437105873085
1356,-0.3901501754615878
1357,58.069952011820874
1358,394.4115774383605
1359,1.994413323857282
1360,2.1016972683314803
1361,102.29095765916621
1362,318.00032557193134
1363,1.604218559095647
1364,82.5304872652425
1365,1.7710639321516177
1366,4.210956960995982
1367,0.5106350366622172
1368,777.8417946354207
1369,849.7355149898464
1370,-0.47862923058091844
1371,259.4484907605064
1372,925.0275058602988
1373,-0.03037225512473249
1374,391.41910641209614
1375,1.1245197772968476
1376,-1.076025162867325
1377,433.2208233771084
1378,583.7951731502282
1379,2.824909880213493
1380,593.2550092181128
1381,0.9329999483234761
1382,1.3949234271492803
1383,658.1641839793632
1384,2.4069918527578222
1385,1.6895187983706057
1386,2.9556976244703796
1387,1.551343013185368
1388,1.9167488390340555
1389,1.1341583533811161
1390,0.6345308890360956
1391,115.88849510173196
1392,0.5879771436152956
1393,-0.08331003894127237
1394,-0.31302287816219987
1395,54.87917114678259
1396,657.548471527436
1397,1.0415514892933666
1398,-3.093248265318521
1399,-0.28652117019349893
1400,273.52234001192295
1401,0.8133295717554743
1402,1.1660270015513878
1403,-0.5330402508031877
1404,4.4352230918263755
1405,1.2635991208995128
1406,131.4437321138967
1407,37.9880516982079
1408,1.3982389400451152
1409,1.143095895212783
1410,-2.3677632340616954
1411,119.0517684246042
1412,15.548746451480959
1413,0.6199318396888169
1414,0.45559731479557675
1415,406.76296912295777
1416,5.300137436977737
1417,1.4256689072418673
1418,937.8646625699455
1419,348.45466211344035
1420,3.865833762812842
1421,47.34011335103321
1422,675.866933043277
1423,282.8074392333439
1424,847.7701633473889
1425,0.3024095876160135
1426,0.09062094402014288
1427,-0.13765596236893007
1428,0.6751885609698842
1429,896.0054807975619
1430,1.2572471070080353
1431,2.045265269093346
1432,-0.22290241987752643
1433,13.64896652715602
1434,2.393070388980072
1435,1.7984736127923808
1436,343.49821235082436
1437,314.2501180766974
1438,103.25223815533711
1439,238.18215846960953
1440,1.5359261830196447
1441,1.9236465645256415
1442,84.19575536915711
1443,241.67305759142175
1444,2.330948032793158
1445,686.5417208748008
1446,1.6455132339299976
1447,0.9408492166188319
1448,1.6095060419183795
1449,-0.2477242907027732
1450,574.909336544395
1451,0.18654216775249913
1452,481.94503244363887
1453,309.3154501405115
1454,1.4269309662657967
1455,3.1628312292322454
1456,3.3850743416663116
1457,881.7249321437803
1458,2.199605272783042
1459,11.225940898616983
1460,15.861370870195092
1461,656.7822458528483
1462,644.2585087151125
1463,34.959487742050115
1464,169.04778401004648
1465,66.31433731160527
1466,1.5059700913284606
1467,96.69392899469385
1468,0.7377588194284879
1469,626.6455491205091
1470,2.7289463773161535
1471,1.495909364939323
1472,0.6529342046381292
1473,205.63197190352452
1474,0.6540145405261288
1475,173.11595553207837
1476,2.2100699991181703
1477,173.35121240089
1478,0.7583833586245272
1479,597.8722546203766
1480,1.8937539511343426
1481,0.9259429160482661
1482,0.7757769507933344
1483,1.8342106601928811
1484,0.6525577250268588
1485,4.073406953376224
1486,0.9411658041902545
1487,-0.57004604371132
1488,0.9769775391669574
1489,0.04259470313683257
1490,2.2171875764365394
1491,122.38473047040361
1492,481.0494196018225
1493,583.0383584609849
1494,2.6135817868095437
1495,1.3242522225802795
1496,1.248463796088311
1497,800.341172321394
1498,382.77046579018656
1499,-1.226284404952467
1500,610.4982386153458
1501,1.4702242321668932
1502,1.1269837454578877
1503,524.6536475084017
1504,515.7656153513477
1505,1.7759230784924005
1506,2.467069926091251
1507,378.88547937943827
1508,2.182956905841953
1509,395.27523000283
1510,1.2458059040775524
1511,1.680603852576616
1512,-0.944815114130096
1513,738.4851735878323
1514,341.4365206839767
1515,159.22242909545423
1516,659.2691591373585
1517,-2.072578941845972
1518,402.32891624149136
1519,329.4744742244616
1520,1.653382474519587
1521,132.46828687750886
1522,5.488348719123689
1523,759.6291726472654
1524,1.2520959906318827
1525,2.7590277276744892
1526,414.86088618787096
1527,1.2378105993185395
1528,1.5722851900727037
1529,693.9691625870821
1530,15.863087523777484
1531,545.2932966871339
1532,3.925308416459637
1533,1.8396486281610487
1534,522.5056070809153
1535,800.5577573137762
1536,119.90698463821695
1537,57.23067234148693
1538,274.3424106718495
1539,842.9795816823926
1540,1.772252457652872
1541,189.26191607529685
1542,3.0035648018285466
1543,0.11469737102991262
1544,451.4099001382077
1545,-2.4203517354292012
1546,6.388195249951944
1547,2.4949955282987926
1548,497.94535413221035
1549,-0.4465318431851368
1550,-0.7950256888019096
1551,14.667631380503062
1552,600.0243423900854
1553,1.872920022608306
1554,2.3193004911771373
1555,238.0823091702067
1556,597.7697859639119
1557,429.51992583537753
1558,626.229215959461
1559,3.2735680107790444
1560,548.8539063829696
1561,2.2520645857410577
1562,343.78773294413793
1563,586.7725065177849
1564,-0.9028191970787547
1565,1.3468327599185572
1566,54.169481040396306
1567,1.5412440447811653
1568,3.1410647685513635
1569,33.78730535796456
1570,1.595148669033626
1571,1.5228132563448291
1572,3.1815245638166605
1573,1.960406085405028
1574,824.6216032201193
1575,19.60372434546455
1576,3.676848173692217
1577,1.9140457697663484
1578,349.0750679219585
1579,1.7164034106305532
1580,0.7541413097276877
1581,1.104790844244162
1582,12.844272492753907
1583,594.1872266391438
1584,-0.3160522491953731
1585,1.0034755434338494
1586,1.7033259590943242
1587,1.0503184977194653
1588,389.10841939872205
1589,1.1083849858142425
1590,0.9091561366431962
1591,1.2211898926851497
1592,0.5670490011321234
1593,0.5584829050127301
1594,697.4461775907844
1595,1.9257170844086766
1596,242.57634624188628
1597,0.6875510166431799
1598,3.3559612370519876
1599,740.8858823410999
1600,39.65922116389258
1601,771.0329702369263
1602,0.862906208118835
1603,0.1490507730073247
1604,1.2993578007404192
1605,228.94913271686696
1606,1.897327594313083
1607,759.4868373489284
1608,5.712307687528196
1609,261.74237294970686
1610,904.3247203150275
1611,272.014215505466
1612,0.9778071331219954
1613,0.6048628901247904
1614,876.4860278843462
1615,2.8476662062815263
1616,1.1545067537552511
1617,-5.446645131785979
1618,2.0578903360174614
1619,0.5477874907462357
1620,2.0521899451930268
1621,4.799570040256937
1622,2.3778604318204044
1623,4.453866713559185
1624,486.3988877288259
1625,833.6668306592003
1626,816.8382301557958
1627,2.7374362129556027
1628,86.83832012509846
1629,0.8636187721413882
1630,0.3545612433650018
1631,236.21886649702282
1632,1.076478242100843
1633,2.5702544066449535
1634,0.8918651605287699
1635,0.7171980694632877
1636,0.46795844735696585
1637,1.9464500958064843
1638,0.42552773638614044
1639,476.4894364293064
1640,0.7892681466333338
1641,1.571846646470275
1642,2.194069005548665
1643,553.3092131208911
1644,0.8364179357964666
1645,574.0243298525938
1646,821.2650629377156
1647,703.8364804643641
1648,0.8979757634370524
1649,780.5959644920515
1650,0.33147262676320477
1651,812.2299621071961
1652,-5.492960231070185
1653,-0.7626148866266244
1654,0.24445407200925373
1655,37.55795629224702
1656,0.10925967586714985
1657,784.7998478110612
1658,107.51012483174709
1659,1.2117348766311065
1660,386.54292566395077
1661,70.2163192204556
1662,1.169916386238318
1663,133.99342184325826
1664,517.4408960705852
1665,0.5075895633516363
1666,3.377601132696779
1667,0.21654750978738221
1668,641.0364453033438
1669,280.6334013044044
1670,844.9192268503498
1671,681.4836804999497
1672,492.4018599255463
1673,205.60178353969485
1674,751.2306093459729
1675,965.1493396800712
1676,907.4405900098943
1677,854.7765632657192
1678,115.1401656798532
1679,5.5060527800945325
1680,-0.06484121389553599
1681,120.92350191619724
1682,513.8806511553128
1683,624.5367883369019
1684,851.0779430835385
1685,857.833586001293
1686,29.242071354874795
1687,1.037456035735656
1688,2.461482611430701
1689,682.3575349640761
1690,842.363667618369
1691,400.31781035561005
1692,1.6986955911832664
1693,3.5564786341467896
1694,352.2103717233573
1695,-0.32934272733938347
1696,12.371424682787657
1697,112.53586308750812
1698,0.2519709544833963
1699,1.6882657282427833
1700,0.5994697930736448
1701,15.694823059726875
1702,35.895306492689784
1703,-3.057853586197744
1704,0.6478077594125478
1705,1.377868961524352
1706,311.9764375174991
1707,220.92276685000738
1708,-0.11828499051747884
1709,15.002101702778356
1710,3.1702530429941627
1711,783.2894305312503
1712,0.8952115550416123
1713,66.90528056862638
1714,0.7615950389017219
1715,168.30293116113506
1716,1.1698257930488296
1717,975.3762975222354
1718,967.430296956607
1719,307.20378422300973
1720,-1.018912569441091
1721,-2.2547427954819805
1722,0.6031014683812093
1723,1.1200070456926432
1724,101.43607174000059
1725,1.759361777107705
1726,223.45994992560065
1727,867.2237526203971
1728,928.2435953899476
1729,2.6786106832920855
1730,-0.11234531124710302
1731,124.7955629068062
1732,524.278806595168
1733,856.1086633070993
1734,-1.0045397293651877
1735,544.3061345466668
1736,2.171967090035272
1737,94.12864971300675
1738,2.7417464114966776
1739,3.0816990116117577
1740,519.3381486292554
1741,1.666836714485274
1742,102.57776679879213
1743,524.0867557022311
1744,204.17779323852358
1745,876.9840117995534
1746,2.3291290599866232
1747,331.1810144038994
1748,1.5935566471497822
1749,65.87492248097749
1750,472.4575549534721
1751,1.0810049046682666
1752,417.1189034038655
1753,1.5994460467648546
1754,943.806292060163
1755,1.5960693521847005
1756,0.9508694381864544
1757,1.0263179346513358
1758,1.2251948390039469
1759,243.0674959908462
1760,553.7918283592076
1761,2.77557410417594
1762,476.14266197281296
1763,252.80814696376677
1764,6.032554118653412
1765,-5.297699658159976
1766,0.4950077934857065
1767,0.9378751666202612
1768,0.47979627375380896
1769,222.16671212293502
1770,9.726980457074188
1771,1.5028026914264223
1772,49.65214346855973
1773,110.09498477771521
1774,632.1943339390215
1775,873.0536339427302
1776,778.8867462787496
1777,4.338381382190944
1778,1.336354972632336
1779,0.6630028300364135
1780,384.7633444111715
1781,193.2192394840843
1782,1.0850200673616093
1783,-0.40665517154952135
1784,0.4540157425295883
1785,61.14959318429743
1786,1.095259538106563
1787,1.8931557722847683
1788,0.8756240945397028
1789,1.4588131810328793
1790,1.0433974630584664
1791,2.727322094027041
1792,-0.6801798995044418
1793,907.3657633916969
1794,457.96231415347046
1795,1.2259898668135387
1796,398.8096884909876
1797,1.93234512804922
1798,3.169033134244524
1799,1.2603356758330042
1800,1.4330655857332877
1801,1.7252513924390802
1802,0.9441885821225161
1803,634.8108020852876
1804,0.24548591953100768
1805,104.10792341782164
1806,1.3658282293043997
1807,396.8292815682198
1808,1.3983685567357929
1809,1.5568470624691444
1810,3.492563272291717
1811,927.3372767739013
1812,738.8054492547735
1813,401.977761600259
1814,0.7424767977884935
1815,1.3534673835489164
1816,990.6701008382146
1817,2.6004833791056488
1818,1.6505064054054697
1819,822.3834383469236
1820,3.7937438667902357
1821,0.7394946994857992
1822,1.6018755710101273
1823,1.4587729227907156
1824,261.3717427942474
1825,2.829907323601508
1826,30.84296315520201
1827,25.848793876758208
1828,1.2477838751342607
1829,596.8105732650386
1830,1.9304807892291103
1831,2.0111280741257467
1832,1.4383000368276835
1833,1.091539912576181
1834,2.523794915738555
1835,794.2999396553307
1836,4.901540249129479
1837,733.2758789306258
1838,1.10173499053502
1839,0.09882218691662902
1840,4.09473683087783
1841,1.7058096787746369
1842,1.0118904706978895
1843,74.81808986380125
1844,3.387193094100458
1845,455.8854515252695
1846,2.350434597961167
1847,1.3324182239294025
1848,1.5843949648748916
1849,134.80780620630728
1850,4.195108289822171
1851,-0.7845795239786031
1852,366.2365172291915
1853,1.639942315837705
1854,837.8479067591595
1855,209.69511385138466
1856,722.2781031449119
1857,1.6135873114008885
1858,514.1756017598565
1859,-0.8655815737566425
1860,765.2851109940005
1861,1.8030185581826668
1862,550.140388064016
1863,2.3112223911370444
1864,219.09123540229868
1865,0.7153996396128048
1866,1.82256028220759
1867,492.72922179419055
1868,0.8064494544862382
1869,0.794507109490644
1870,2.5865191007117385
1871,759.584989033931
1872,400.5657687160917
1873,373.69166908562534
1874,325.66332068217116
1875,1.4903798386016112
1876,3.4182492441302497
1877,3.793517620858766
1878,0.7963554790130474
1879,63.92650777830208
1880,0.5794704315658995
1881,2.28043753391041
1882,0.9656484453099324
1883,417.61476741496256
1884,2.1724051444609818
1885,1.103851963254283
1886,-1.4148037715886708
1887,3.1405353423956317
1888,239.21363989269233
1889,0.6020441716919807
1890,531.0222444335558
1891,1.5546253375761019
1892,111.75291482179236
1893,2.659545429182129
1894,835.4477808164927
1895,5.567967487111985
1896,0.2344550321659168
1897,1.5420122588972236
1898,939.5944775100938
1899,0.31250118767806884
1900,7.2103133754823405
1901,0.1529515428888065
1902,37.12725684711189
1903,90.91943378348954
1904,160.5233089159148
1905,12.050744728057637
1906,1.2938155898898716
1907,78.99890015537372
1908,714.8360377236684
1909,712.6515402122164
1910,0.6280779752464692
1911,0.16731044261917494
1912,655.2447563460548
1913,0.3185320733786385
1914,0.3140268337548584
1915,714.7264521667453
1916,927.443335408847
1917,1.8962412146086758
1918,2.4862764835519937
1919,1.7998693863540522
1920,91.45010732781407
1921,1.596895008448853
1922,512.5056337977696
1923,1.855033679790377
1924,834.6614748760792
1925,2.677002060190921
1926,1.4571595230800942
1927,843.6797138871618
1928,-3.658720392790072
1929,21.503753044082234
1930,420.75315022062284
1931,908.3942714292134
1932,1.4275866818296763
1933,1.9123999878548399
1934,45.258221370566744
1935,2.760763465458398
1936,255.58388593323417
1937,0.09839946047082705
1938,817.3910260782362
1939,2.535482087459884
1940,56.04393587688617
1941,2.206750489903715
1942,1.0113095567437402
1943,0.727202057414311
1944,1.398476566293305
1945,2.9245813808887338
1946,5.41633791166401
1947,381.6969921938977
1948,1.5301099340223479
1949,576.116218149268
1950,-2.785110421912044
1951,900.7935187681421
1952,804.8495834728409
1953,0.5791311181263568
1954,0.9710689139966151
1955,325.7258633075395
1956,935.5208427423192
1957,1.91473496562605
1958,513.8080506459253
1959,1.1959878182118233
1960,8.774822738762838
1961,3.124695743586372
1962,867.0612283756592
1963,911.7747271910081
1964,717.3178605663207
1965,875.5645398206768
1966,162.33883953758175
1967,738.3266964153719
1968,1.8172808226995247
1969,157.57170367860334
1970,137.80823642400665
1971,699.1936992187175
1972,1.4384621966013629
1973,1.6526853012011353
1974,2.10615135080517
1975,1.2197312322100005
1976,864.5303903355216
1977,964.8623385244623
1978,0.7883363803863065
1979,629.4194677517297
1980,738.5796484738801
1981,445.6050849178435
1982,573.7166325427163
1983,4.690884281410362
1984,2.875369511161332
1985,5.059145184332534
1986,965.7118173036368
1987,0.7742804637418191
1988,659.8039175522771
1989,37.11508036147083
1990,0.9561697331376406
1991,555.1496310609655
1992,0.9242307904710305
1993,-0.31026566707163805
1994,378.66333343644203
1995,57.89248416247764
1996,1.500674585011667
1997,724.6139258396538
1998,3.0927268771473218
1999,-6.596117605797672
2000,2.3073792561920254
2001,839.973376934351
2002,663.4179940720961
2003,0.4242600059057129
2004,2.0731505529771965
2005,0.4031868563998541
2006,-0.1246848296848787
2007,440.2072401634148
2008,0.8323364026327077
2009,0.45309413560382666
2010,-1.344656284455478
2011,0.05480359435407309
2012,571.8993448388994
2013,2.331928839722184
2014,23.408002174987775
2015,-1.011814449299461
2016,309.6539853803809
2017,26.954487836765622
2018,919.0319919477724
2019,313.1474655323295
2020,1.1705188953314298
2021,15.590854646176588
2022,63.342017817303976
2023,301.3080269204962
2024,80.26845349120615
2025,709.8899036705336
2026,333.8274812214945
2027,1.8103504601812581
2028,68.93901937606566
2029,215.24666556231176
2030,7.063227212271348
2031,1.1201609567083068
2032,5.1778316187880264
2033,80.95874637198916
2034,0.03908429547197204
2035,1.3326360501948533
2036,1.700083380712107
2037,539.3024221096125
2038,297.2443309003462
2039,0.6701830407229746
2040,599.9086781816249
2041,1.5662172251445885
2042,341.3523107399728
2043,2.205734752038672
2044,421.07244883794436
2045,0.9344268181927531
2046,1.606746662457819
2047,776.0771676678069
2048,768.0390450754949
2049,379.93597594565904
2050,650.7819870854012
2051,1.8101807325335715
2052,582.7153631575361
2053,138.73962982449646
2054,901.607106863393
2055,317.199839027615
2056,6.721314075604512
2057,2.3126947389338888
2058,501.4622686632407
2059,1.8273058235210295
2060,1.875771489914848
2061,385.4151316046051
2062,0.08400743573877303
2063,1.936657823250385
2064,0.8770640611101657
2065,0.6647427142002342
2066,1.8451603736991435
2067,0.8737311533411031
2068,995.9404894590789
2069,1.8571877495633076
2070,10.004954136615527
2071,-0.511818660096927
2072,393.4771567055776
2073,2.0202250803066195
2074,567.6105384237957
2075,834.3817274781893
2076,4.6807227189026825
2077,0.6928329432593797
2078,666.6037208736442
2079,-0.5115255509673634
2080,1056.342324072742
2081,0.6653016386770805
2082,0.5560338561610529
2083,1.434891617060659
2084,4.346493492817485
2085,2.2563551233858594
2086,2.509990415093441
2087,35.24033333491212
2088,1.5800653880209654
2089,3.1272962398555024
2090,469.1999673654631
2091,678.172857129556
2092,0.653692207426076
2093,1.3124873925048517
2094,144.97470430517714
2095,1.1918108098795381
2096,359.73529433877275
2097,0.47172665892160603
2098,1.1403395237378795
2099,891.3902392833028
2100,955.8623461828017
2101,295.66947993363243
2102,62.44755221351838
2103,1.6383395542796444
2104,293.2835922601962
2105,1.7477705084588924
2106,2.3843506564300077
2107,2.0080347471236597
2108,0.7659352827602282
2109,-0.9067618941388503
2110,0.4160092290870203
2111,0.2833110417120002
2112,655.4081148180884
2113,583.93011834408
2114,740.9198479072732
2115,370.29845361609387
2116,-0.07503809136093204
2117,1.2913715566502195
2118,0.5684052819453328
2119,358.1791704430103
2120,34.55496403832712
2121,-2.959049962267203
2122,443.27972762524
2123,226.96953863680034
2124,4.850335671195689
2125,-0.5725209396621883
2126,167.903529363289
2127,2.0260244271546233
2128,4.745418369757349
2129,1.351283151341157
2130,385.6296154542121
2131,-2.997720457003397
2132,1039.9485668900095
2133,4.127152369853943
2134,1014.5753369668196
2135,0.9901036232808822
2136,1.4432016195157205
2137,2.2777222052609365
2138,0.053441508878985716
2139,2.320827920928341
2140,1.2142277243690447
2141,2.8183729512240303
2142,816.6434269554893
2143,0.7164132109571743
2144,215.63374950010171
2145,2.9496258571366134
2146,81.86813383790675
2147,17.25164002033688
2148,444.06026902684664
2149,759.9308632180114
2150,1.4796716921554498
2151,893.6828612273544
2152,1.3322000640773528
2153,21.459091980105992
2154,91.74808334780954
2155,876.9048392940109
2156,0.3772901326307775
2157,1.2343173892792845
2158,380.64838359868463
2159,833.2353551858189
2160,20.764427745842042
2161,209.54524256993233
2162,660.6617407343774
2163,-1.1773497253678795
2164,251.2967443063227
2165,239.29180250003503
2166,623.4371221054794
2167,18.826527216051478
2168,501.37793713479823
2169,33.52792643451367
2170,1.3728787894138703
2171,-0.09218827246694238
2172,1.5804726315154485
2173,191.08833588679084
2174,273.0381317879047
2175,4.092930727678371
2176,-1.6906646157591019
2177,0.20414111434088295
2178,212.2795381137335
2179,146.37590823672312
2180,164.69470511277996
2181,561.6897241723578
2182,0.8232266542954565
2183,0.8629935756620868
2184,935.983905419451
2185,923.7309115759359
2186,1010.7722375885822
2187,1.1395536225492693
2188,226.2733927130838
2189,234.39855074574453
2190,496.7031695110274
2191,5.108085470588669
2192,-1.0271254547013855
2193,406.052737607974
2194,447.13683555154466
2195,1.2254114405266827
2196,382.8840218524924
2197,2.612696223769131
2198,174.62309161785686
2199,657.4290566965967
2200,1.1527144732729853
2201,55.57827783017242
2202,0.2427907383625636
2203,1.1762634840235635
2204,0.5265180778855032
2205,0.0796941174699004
2206,-5.205155004266138
2207,-0.9794929383187745
2208,1.3239032171886362
2209,740.4120756275871
2210,1.1671728681298008
2211,-0.07605823958103107
2212,-0.30924801658877776
2213,2.042406357457133
2214,-3.349474461167519
2215,1.7003581966873007
2216,1.612510236707698
2217,-7.877411283303545
2218,346.6500012424143
2219,854.0594236627293
2220,906.8728749350278
2221,0.5168507068573602
2222,283.11375537384873
2223,172.34541708749893
2224,807.9620355162504
2225,750.283390409549
2226,1.6092408154533957
2227,911.2916849111448
2228,1.5164797628232778
2229,1.3862821352590624
2230,93.08879080473227
2231,0.7996260411054765
2232,6.7900857212787304
2233,2.2991217475918857
2234,257.4781478284578
2235,1.3802698364382546
2236,73.19123045151782
2237,296.4837098908615
2238,0.3976168425574651
2239,25.013693994554053
2240,1.6690483454768206
2241,834.8495991612057
2242,1.0263633520153275
2243,0.4602918753379909
2244,1.6408782050055017
2245,0.7190813840975704
2246,0.37705464959456475
2247,2.948433198086255
2248,1.3264603370355899
2249,4.425074622832916
2250,2.4666843074930034
2251,702.5448771220665
2252,741.7281276781281
2253,2.2188931095919386
2254,0.8285509823689801
2255,14.464271106302679
2256,36.049302125609394
2257,2.528996001455334
2258,81.51405520418702
2259,1.6909499152752971
2260,506.14404934710285
2261,2.1049917039681247
2262,433.5428697662875
2263,586.0782145822421
2264,153.722067892163
2265,0.4300346419923974
2266,430.28594262123795
2267,0.4014414201117633
2268,9.540215572666462
2269,0.037466189417516116
2270,0.33565884715870614
2271,-0.38989191697330605
2272,0.29827231177306607
2273,0.32539183278079364
2274,1.3572601567607276
2275,504.3766311884643
2276,1.1972529667974432
2277,10.10564820526561
2278,31.565880585457403
2279,1026.9056456218125
2280,461.1069164980041
2281,461.5451953851806
2282,987.7981934780461
2283,39.81334299599716
2284,0.6939427917662291
2285,0.5841524260603739
2286,0.977143841033691
2287,163.82770487922514
2288,4.504424367263574
2289,1.2379273366256691
2290,1.511290731239535
2291,65.62265439321975
2292,0.8112953896266193
2293,67.68630506826828
2294,0.33756946904419294
2295,526.3329045073236
2296,-1.7648752099527358
2297,91.79231831063618
2298,2.377231190112076
2299,766.1507300934217
2300,-0.12811287908315974
2301,993.1977384435609
2302,2.9852479691255205
2303,87.72195176231828
2304,1.4988174230332532
2305,358.73190062558956
2306,1.4774345219847773
2307,1.8621291513689175
2308,1.2978791236848326
2309,1.8873753992726243
2310,1.760055883058645
2311,508.7283818870873
2312,337.25595108298916
2313,58.767689679699416
2314,2.842779376026852
2315,-2.4864733819793976
2316,812.668394994159
2317,5.651267606431951
2318,0.029443785722574195
2319,532.4434371699826
2320,2.4079064362588274
2321,0.8522401381163895
2322,165.79073115558606
2323,2.018983668435037
2324,0.8043042784172003
2325,1049.7308222039296
2326,25.933648320739096
2327,3.653630152788236
2328,2.54761253606164
2329,2.8568234630849783
2330,401.38362244659197
2331,2.6992860484096335
2332,31.419059278202774
2333,0.06978288032962887
2334,3.003771039271647
2335,1.9934384514001016
2336,81.55216779120782
2337,1011.8374646880868
2338,2.113242963369937
2339,1.574377737141368
2340,108.58977176114291
2341,927.7022200454054
2342,1.7071603482940092
2343,0.24295653844767412
2344,2.440459893149299
2345,259.7700162134194
2346,0.38493518503745694
2347,-0.3416378624681283
2348,838.3761456712772
2349,0.6736019510301043
2350,1.2705794675799182
2351,847.3798895034578
2352,117.33859423397311
2353,419.526684190571
2354,0.2584753639145113
2355,724.8810830270461
2356,1.7362348451002871
2357,7.603318174241415
2358,571.7929429821463
2359,781.4311019947519
2360,517.5030619833284
2361,-0.8322254199740182
2362,2.4190302995269053
2363,359.06146223671266
2364,1.2926200626323088
2365,1.8033105002043281
2366,928.4605823640112
2367,2.2798418257127375
2368,196.4761001859025
2369,3.96972110209894
2370,511.2588442747132
2371,956.9053333998904
2372,30.982017062124388
2373,4.427263896711601
2374,0.7507465308547376
2375,806.9640684732223
2376,519.7230755379558
2377,28.924953456049685
2378,0.8318862923035009
2379,52.631048632811684
2380,1.471048241164104
2381,632.417144762461
2382,0.733327973412803
2383,1.544771179912172
2384,0.3264880568360188
2385,3.5289403675641373
2386,953.1322614195051
2387,2.8401151798283593
2388,826.373475677028
2389,637.0200442346672
2390,30.276481485413345
2391,3.681446067202118
2392,1.4471725339730848
2393,-0.16474600341431483
2394,84.48038856442838
2395,393.8241317892024
2396,904.0502424563929
2397,0.6817857578031344
2398,3.651472806386491
2399,3.5595044952066575
2400,0.5821440156521004
2401,1.9351390472218826
2402,514.8224750653552
2403,1.0361147067235241
2404,179.27369476613205
2405,12.199392137185455
2406,1.360901454527389
2407,552.5625047247053
2408,60.320525004707115
2409,-0.3171293321847808
2410,964.7825779395341
2411,330.3359990711592
2412,677.475111373347
2413,908.4110828420598
2414,509.2065303709097
2415,578.9961411932367
2416,1.2331795714077225
2417,1.4068668062557865
2418,0.59770094978001
2419,-0.6013835889582497
2420,1.5642979498610783
2421,421.46953108613053
2422,823.3131029923563
2423,486.437974901313
2424,0.950390226548445
2425,104.26392499514237
2426,2.4694684216501965
2427,2.4465384266356356
2428,0.64392153141624
2429,954.3606340139494
2430,349.59714727922096
2431,1.713945360406213
2432,54.79486113239662
2433,5.125956938853854
2434,80.17424365262629
2435,787.822727601747
2436,796.0499219407316
2437,85.2051523987561
2438,-1.4863035045068074
2439,51.733113389593086
2440,92.48490073292234
2441,1.064790572485392
2442,225.62641542221257
2443,803.699356716452
2444,211.68628137651328
2445,664.5943823579059
2446,449.07054914407274
2447,937.3938609816673
2448,666.3243458688167
2449,750.3457043165845
2450,497.99096907271183
2451,1.6710423143304278
2452,1.964082343816722
2453,1042.9689589346335
2454,3.703174012777224
2455,2.2918774873958836
2456,442.0281867791808
2457,1.7967478666941132
2458,0.9853867149370727
2459,1.8479513953955755
2460,1.7633677507060104
2461,1.6841960760891097
2462,488.34939985858
2463,0.21479276335229233
2464,6.152453058193634
2465,2.372553596900413
2466,0.7826600057659769
2467,117.54210302642079
2468,1.9699124952756324
2469,31.289199855980442
2470,850.4496190104144
2471,0.18028243472348116
2472,698.4675557139514
2473,761.0864053397031
2474,629.7517062045717
2475,992.1763384359838
2476,0.6549949921764533
2477,436.2010601795628
2478,625.9480810607131
2479,0.3729151628530076
2480,800.2813180257402
2481,731.3765865359377
2482,1.0018230471821319
2483,8.185366259664416
2484,1.7100771737521523
2485,1.3063797112271789
2486,247.8580408119534
2487,29.382996455140344
2488,846.7624686761762
2489,-0.03617782438915523
2490,42.42285158067228
2491,32.42008525041486
2492,3.3962890123636678
2493,484.9175187088161
2494,273.69874231576716
2495,2.342694043844113
2496,933.5965365734575
2497,743.9286573023896
2498,3.85193840023252
2499,437.5541822753921
2500,3.9263723911767983
2501,210.96339585389097
2502,566.93726343698
2503,998.3339112311818
2504,78.60933659303377
2505,-0.4449647422518287
2506,-0.7301111596011457
2507,2.4620946803113184
2508,1.6709766327242166
2509,1.35075745139702
2510,470.14554233299407
2511,844.9996956483177
2512,311.90256746224617
2513,1.5997659792529904
2514,660.2913831158193
2515,65.39087875627408
2516,3.1407796969564648
2517,6.145300163748233
2518,2.614548225476611
2519,-1.2391050732071214
2520,407.98573880498014
2521,3.669018057665692
2522,386.4106254533209
2523,0.9193321101567491
2524,318.49557061896144
2525,747.2595429153357
2526,2.3038465512618527
2527,2.577250952696337
2528,4.6760358918768015
2529,614.9189950329163
2530,515.383826122066
2531,2.584431725563315
2532,824.8550456699459
2533,895.4279638585554
2534,0.7392600814147662
2535,117.13992663788143
2536,28.933639918911116
2537,126.04068934596683
2538,872.1317344777893
2539,0.5001062742643686
2540,1.9226068605346094
2541,0.6171002281913281
2542,0.6622330178263225
2543,1.2797210436976207
2544,891.894077809646
2545,0.43012151299702595
2546,331.9527178373689
2547,0.5738836453856488
2548,1.9771557176884063
2549,0.3581252575775142
2550,1.8091193632480946
2551,107.43836372389273
2552,0.8842813158532974
2553,0.49067122339803027
2554,1.2655644822672307
2555,0.385366421717924
2556,455.94742259151167
2557,0.5160189608794578
2558,846.4311659968187
2559,673.3238677400018
2560,1.411676710292826
2561,0.410708722556457
2562,840.936712122289
2563,488.18540916484574
2564,2.8723760012672575
2565,86.60945060356819
2566,178.01090772630062
2567,447.16035254582664
2568,1.432529420145523
2569,1.3135153210661477
2570,286.2204570518144
2571,371.4649095573965
2572,416.1128079051987
2573,193.78767812974507
2574,816.637089374357
2575,1.0756077015159093
2576,2.3874940666601807
2577,305.1097853629495
2578,1.4111446451360943
2579,174.75417777494218
2580,-0.7075687308792669
2581,2.344657150158274
2582,1.7505343661391113
2583,904.7480683118281
2584,139.28705580866088
2585,1012.4558942757583
2586,838.9463451851525
2587,208.97660341585203
2588,749.0184577663035
2589,3.0762750877541842
2590,1.6732551249683045
2591,2.241409036083333
2592,519.9637751145442
2593,590.6329278610999
2594,9.44753297854176
2595,1.0121270848946509
2596,905.6871003344362
2597,3.2353027424988223
2598,23.90841716773624
2599,0.7724576224880862
2600,960.4711924241728
2601,839.9670744166724
2602,1.7313520781945049
2603,3.4124505089535697
2604,2.8668238722286374
2605,1.5671619145758953
2606,0.28566215228918346
2607,206.8916520127201
2608,320.48374480771673
2609,577.4210235522271
2610,1.1064464321868877
2611,7.818489439205127
2612,1013.0913830998429
2613,0.6778415106702104
2614,356.5750145484859
2615,0.27943596553213024
2616,1.0238041222242342
2617,5.599647630282248
2618,383.8104584193963
2619,140.79287450539022
2620,0.5725924184284039
2621,2.5002845760145744
2622,-1.4867977837509745
2623,944.4437415200141
2624,0.32371529963098616
2625,1.1971668244710563
2626,2.087873823492017
2627,2.243551121630401
2628,-0.42351447336506864
2629,0.31431925682098694
2630,1.3621382019082735
2631,-0.18014511882139944
2632,0.7872407682661408
2633,999.1406471278874
2634,2.319051621452659
2635,464.80568895459044
2636,0.20809640973499938
2637,1.9052658506362214
2638,667.8037030132186
2639,94.39086224673606
2640,12.658281038426205
2641,1.32436988060887
2642,16.65611501711524
2643,325.6355928328618
2644,1048.5711080552853
2645,17.357404456311073
2646,1.1746587263072101
2647,0.4601220073814978
2648,2.948803021796855
2649,87.64885689944977
2650,1.9750026752920706
2651,49.18633427714039
2652,1.200640882449738
2653,0.9036803702433593
2654,352.8319072340667
2655,643.0780456860656
2656,120.28439224016827
2657,2.1530779767588486
2658,1.912911940837842
2659,67.90140260480686
2660,1.4949277317021736
2661,1.4745057142175328
2662,1.2703394928283984
2663,2.5001330035379814
2664,2.7660178909054025
2665,1.8065626582554524
2666,576.6746765596168
2667,118.68922916865705
2668,392.3402407591375
2669,471.7377566463105
2670,1.1271873150668084
2671,1.0327318190729549
2672,1.8508453139293632
2673,1.7664120875439409
2674,302.54514388425827
2675,0.7556227549495547
2676,834.3398280394965
2677,0.3337923097950786
2678,516.3647678183715
2679,947.4247962866989
2680,1.3476383128972402
2681,843.8567926175797
2682,225.52812826622028
2683,312.5751653443552
2684,1.5969085606676965
2685,574.4950399322817
2686,1.4863651125043549
2687,2.0686377929452493
2688,83.1113640666412
2689,1.2714062084698021
2690,1.3245394878594925
2691,4.15554504467829
2692,842.5163792535324
2693,0.37266362987403184
2694,3.3427613150236
2695,1.6314348658245756
2696,0.5386700042349393
2697,848.2131018367027
2698,1.314718668570423
2699,154.09188099862334
2700,0.996400648775865
2701,1.1276131847119382
2702,0.9244806616605274
2703,0.7095637906691437
2704,1.9267746242786852
2705,0.6986776529012688
2706,0.7120337702823063
2707,318.1244795071176
2708,599.3001808594217
2709,3.2997774865990195
2710,305.08801636077817
2711,0.679132169995162
2712,0.5527456786816697
2713,2.4902517361936845
2714,241.43169817040166
2715,0.9343881461533872
2716,840.9042142471407
2717,496.40927707481677
2718,963.8299539863802
2719,2.549400038833223
2720,552.7514547265064
2721,364.77663792098804
2722,731.7716998718738
2723,1.3947348110630977
2724,384.029816884154
2725,8.161801636010328
2726,909.7645372657009
2727,392.66830308630813
2728,482.2467014613343
2729,610.8753626445679
2730,-1.2575918499968919
2731,1.199507744369646
2732,587.1717345561702
2733,736.553832264487
2734,729.7103045079014
2735,87.3725524688794
2736,2.82632356906326
2737,1.3132503574461358
2738,37.44656840578229
2739,1.0125682089738475
2740,109.052120383035
2741,4.100832883624849
2742,0.660981841568669
2743,791.5632214176828
2744,716.6624370389918
2745,0.9837198037541258
2746,24.684409410703825
2747,-1.4630164890880575
2748,153.7249740147534
2749,603.532319117875
2750,0.9087806294954276
2751,789.8582948682904
2752,507.585251011533
2753,553.1685830438348
2754,810.7283306233938
2755,1.128141271662669
2756,-0.7881663053890543
2757,0.1388654962746797
2758,29.3224626344605
2759,1.0152974961147594
2760,755.5169074080303
2761,1.9896339203485853
2762,2.230062660257083
2763,4.550989642409601
2764,852.1590529838954
2765,112.91677112592802
2766,1.6282538301122687
2767,2.429833554002127
2768,0.9015236937623007
2769,1.9356126133824185
2770,2.9099865793191833
2771,181.81943628010353
2772,1.3617288268664431
2773,1.0549923082999029
2774,105.5581215948412
2775,0.9567164714841981
2776,837.275875517588
2777,2.0356165960235852
2778,931.5573987320206
2779,625.5108890533745
2780,1.6286642761320822
2781,592.8930646778634
2782,0.6646281775726088
2783,-2.7598670141809896
2784,128.72858471802994
2785,711.6595823969989
2786,275.0368796482216
2787,34.02041138199751
2788,0.6909347236547301
2789,854.6042296986092
2790,961.4984555458577
2791,-0.4364290963740254
2792,1.529641592657706
2793,335.8391383953916
2794,300.8918587638933
2795,0.3205534072620397
2796,449.948872277653
2797,880.2771180253793
2798,1.5320943173724064
2799,2.2434549283777496
2800,771.9925790110341
2801,1.5870780572445902
2802,1.2171057986314395
2803,323.8621666807731
2804,46.554316111294746
2805,2.604463861298953
2806,1.68706359811018
2807,133.25479607030596
2808,166.44064848761914
2809,2.5839827743406834
2810,0.827225784947095
2811,0.25971472464227435
2812,1.5943351598338906
2813,262.9613388415023
2814,2.673193057332183
2815,1.7244428993566236
2816,83.97048291848152
2817,0.0770358706018682
2818,0.9859780646881098
2819,94.40460321123999
2820,1.0159419780067438
2821,558.4344421600924
2822,1.0847146284153268
2823,1.8582184762976686
2824,0.39618528764126415
2825,0.3204465266637315
2826,-0.5289168835321567
2827,69.53916545164161
2828,1.5201259025178295
2829,773.703498631235
2830,1.7727299557736553
2831,841.264505096802
2832,2.218651212072197
2833,339.59365760867024
2834,-1.1904303451593683
2835,440.83589499557013
2836,27.903267092422347
2837,727.1621938649118
2838,46.43695331932416
2839,1.2433022621163055
2840,823.8620019851747
2841,1.0379463791888335
2842,382.66113017298983
2843,79.2879649439672
2844,56.98850626031351
2845,550.1930859278979
2846,320.269031897001
2847,29.82498394978674
2848,445.9344717408227
2849,373.36200480819514
2850,1.7496416169721318
2851,517.8475897721858
2852,468.0112770339963
2853,2.723112597347062
2854,525.7753260916031
2855,0.7247213965793402
2856,2.951584516072563
2857,0.3421342155101192
2858,749.3734358971786
2859,1.8440071852373474
2860,283.9669301572011
2861,358.5011697142945
2862,2.629283254268297
2863,755.5223398821912
2864,-0.015887543065953358
2865,626.7844842768926
2866,905.3476501984671
2867,156.0901974092737
2868,0.10567746120565505
2869,1.21096105381691
2870,329.462416564793
2871,0.9844293235987269
2872,3.3480586915791095
2873,1.1275986287003579
2874,534.3214041485413
2875,1.9232662530878664
2876,556.143717777994
2877,94.2795253442736
2878,102.90841995381936
2879,887.9458637738558
2880,763.2571106114306
2881,1.1804100065765597
2882,338.0533630945828
2883,3.5170598798332753
2884,1.3819308100553251
2885,76.64565962274014
2886,736.3379305863673
2887,118.77635842260827
2888,-0.5523086286118976
2889,731.9510588962332
2890,930.3949341378607
2891,1.5746871422612134
2892,-0.6936810324375617
2893,1.9126018361307673
2894,631.3336608274574
2895,2.708617083399385
2896,1.5601875740058473
2897,46.169564886014406
2898,7.017591125091744
2899,1.7959127490038322
2900,0.8691422492256772
2901,478.2862263823767
2902,1.1121687706486665
2903,2.1116400548665886
2904,0.11770720236261312
2905,656.6373487782813
2906,1.6968856948823752
2907,4.378771644304944
2908,687.3266605603172
2909,0.19717634677339652
2910,2.5371578812016535
2911,1.5490644833323666
2912,-1.6921610100505635
2913,-0.8241982629816018
2914,1.3605977113820504
2915,1.1901956152441646
2916,889.2960578377529
2917,0.23067192464334552
2918,50.66421655805446
2919,3.9191256540975434
2920,490.35275083916554
2921,337.5371140021223
2922,226.84401046101337
2923,99.89421258810049
2924,73.1672296807886
2925,17.82590180898334
2926,964.3979623112612
2927,1.1681537270645777
2928,1.1309388702979197
2929,1.2416781498857912
2930,3.3112924220597764
2931,2.4687780735489344
2932,1.6621454825752724
2933,780.5043772448349
2934,1.6845266896166202
2935,2.94521579218305
2936,157.3631912059741
2937,-0.5728190901500521
2938,89.27598998260375
2939,0.4357111321920758
2940,4.0998902071374435
2941,29.08806502794058
2942,244.5758473804536
2943,1.6814768357757093
2944,1.773260246872066
2945,833.1975662112349
2946,3.076119428356566
2947,918.1251788662327
2948,1.5244849480865823
2949,30.534982618177622
2950,6.602905384598983
2951,497.664994521357
2952,1.2788722297514146
2953,440.78639198247504
2954,1.2472598086104307
2955,19.809821296567282
2956,0.496350103543573
2957,-0.34196301755677216
2958,59.568128883109544
2959,785.5130736951323
2960,8.294164643858094
2961,697.1950290489327
2962,1.8327416156694056
2963,1.1393152718538653
2964,57.57950506861923
2965,0.44544538194127853
2966,14.602477701223343
2967,-4.674997149566341
2968,0.5230561198420448
2969,1.536103773796464
2970,1.2264473799200823
2971,2.0853177837402384
2972,1.1874284619119972
2973,889.2805522370932
2974,741.4489630639807
2975,4.388308288644938
2976,1.1732965733895535
2977,445.1327695228703
2978,0.6474408061174561
2979,1.9384378303063414
2980,1048.5570254586078
2981,51.854938836619404
2982,0.8484766529112145
2983,0.34282469673035554
2984,0.8844862959381548
2985,142.76773253202052
2986,0.0015071103417873544
2987,0.9151182480787875
2988,251.06537031458868
2989,0.5410420256270508
2990,1.5586433621725906
2991,249.46236713817635
2992,39.77495684794215
2993,154.0475581471997
2994,427.77155806490083
2995,968.3397473598791
2996,1.9496871614478932
2997,1.3564794676101133
2998,0.9964402039800964
2999,436.5293258121331
3000,74.2991511510939
3001,3.7779902616600674
3002,2.342791974326265
3003,727.6116498679359
3004,508.2583009127418
3005,510.69802265363734
3006,1.3457313479656
3007,916.3399225162011
3008,175.7299921005776
3009,2.504371718581701
3010,1.6349453394507267
3011,894.6421540132883
3012,1.241433675760919
3013,2.631026896086484
3014,457.38657719560274
3015,1.1116602947060845
3016,1.3138435196679603
3017,3.66311726068671
3018,815.5437478681702
3019,3.662230344465696
3020,1.8315872577528538
3021,97.84219611084526
3022,1.125112274620664
3023,937.9944601881018
3024,2.3058669870652664
3025,612.7925968883521
3026,789.5761622198925
3027,280.98643542259987
3028,428.1443518498039
3029,500.0507374088295
3030,0.5820517779952408
3031,962.589555261552
3032,1.5185469858737328
3033,1.689753030396873
3034,-0.7466096112276823
3035,682.791471482687
3036,1.1016511412926926
3037,456.6983982613353
3038,223.32497269268197
3039,-1.0239078599738476
3040,513.7230750676919
3041,0.6351102822727986
3042,2.089696699344597
3043,1.8406089435386777
3044,897.4474591339372
3045,110.97955863742398
3046,0.30272577658616345
3047,1.1366917785655053
3048,53.03523543022702
3049,2.309976449305665
3050,17.21250667456939
3051,1.345791285558294
3052,888.1508734506294
3053,816.4706726898662
3054,1.5739948601533904
3055,2.8018979633554224
3056,125.10736234254387
3057,0.5665099000409166
3058,1.9616268015257607
3059,0.5690002110544207
3060,657.5669234702721
3061,1.135286982050339
3062,-0.28139390321826974
3063,30.71843369665401
3064,713.5420247437952
3065,1.2740096966030756
3066,862.9925998565884
3067,2.2117463923040206
3068,1.6482523573138224
3069,1.900946740584364
3070,557.301634016079
3071,52.01076727805633
3072,0.8541254042477274
3073,449.66905803886823
3074,144.00622078873707
3075,255.79449541216587
3076,233.44218555348652
3077,2.3535620629022165
3078,640.499858539184
3079,-2.3626806060972165
3080,27.70659516975765
3081,2.1593260686299747
3082,344.93428426770015
3083,-0.3685584233754158
3084,698.569780033008
3085,0.6849877794464594
3086,1.505180287171203
3087,48.03856054348944
3088,1.695175840985307
3089,2.3078147819344785
3090,1.3869957450137846
3091,0.25530047102707015
3092,629.5929662822258
3093,951.783074606597
3094,-0.43834240422936577
3095,3.1383251243879218
3096,149.25560982661554
3097,0.7421073909442173
3098,4.037755737474426
3099,57.306169508701274
3100,5.991480121825911
3101,1.9508945599642475
3102,874.310281515324
3103,1.8620606097734946
3104,3.432610134766432
3105,486.1216009254171
3106,0.06801432182961542
3107,1.0529600244626862
3108,396.76714549225494
3109,9.295551535041845
3110,2.822350117317332
3111,1.2280660614449035
3112,2.115406229399867
3113,0.6155291324740482
3114,91.80656418402481
3115,1.2879754624903514
3116,2.594204507645594
3117,897.7072354215181
3118,831.5426271550816
3119,24.486711668896156
3120,1.3432546600736848
3121,15.449270484310432
3122,864.1876789334113
3123,630.7536447292731
3124,1.8550364218364679
3125,30.42628833366261
3126,-1.3539692101147063
3127,1.2224914632998338
3128,1.7134231125850163
3129,1.9459187755284533
3130,932.1022354671672
3131,635.6799401629712
3132,553.84440471507
3133,2.626009814734001
3134,157.17362918216048
3135,2.2447904947269035
3136,1.08767086162794
3137,605.2461779988026
3138,799.3129196666468
3139,-0.4327530181083489
3140,1.0876263230406882
3141,2.3604646130682028
3142,7.7861295187524036
3143,126.42489562967233
3144,305.77006899624575
3145,-2.997720457003397
3146,1.130302210943252
3147,535.4718920164372
3148,507.43606380347273
3149,590.2384945674506
3150,0.9189595236638037
3151,629.2861378573401
3152,-0.7691911731441656
3153,244.42259699543547
3154,4.6663924557035825
3155,3.231692648206134
3156,6.883223223060044
3157,-0.7577735253607446
3158,0.8694433730081508
3159,358.8614767694833
3160,143.38349123062397
3161,1.7088108360144454
3162,452.92612007159653
3163,764.4176365142788
3164,-0.3185725249237786
3165,1.6743334260715454
3166,777.2810261347495
3167,3.521971082220171
3168,2.112404860234694
3169,4.676378543625826
3170,35.22927080109576
3171,292.1405572339447
3172,3.6761204912947987
3173,336.5157419800024
3174,0.9304098433982
3175,2.7593772676269492
3176,602.5297847718966
3177,253.18892576590977
3178,1.6275373090360694
3179,1.455930551318802
3180,4.892500253460932
3181,3.0307910406875456
3182,0.9247369636321006
3183,2.374145796092265
3184,3.6485636602412024
3185,1.5842923911613813
3186,205.8245620797073
3187,39.7053011070743
3188,788.8756276514572
3189,2.2716539980950783
3190,795.1456151403498
3191,448.77513712522426
3192,120.57269048934926
3193,835.8702991502452
3194,543.8618822639386
3195,23.15103665602318
3196,1.746598837249383
3197,0.9981049681187508
3198,0.3662081958512714
3199,10.485450986214536
3200,515.7545080449441
3201,633.6770716613477
3202,907.5121361973459
3203,497.246635742853
3204,1066.3948395868017
3205,10.032721269758524
3206,394.51252276618914
3207,765.9894559485738
3208,377.8519556882398
3209,-1.6966881108543472
3210,1080.1596752794082
3211,580.3505317381499
3212,1.217609919845843
3213,2.7811624309434326
3214,471.6257229086181
3215,388.72171595292934
3216,735.9783443656898
3217,3.8698590417122585
3218,0.2114014674454141
3219,32.06528460375069
3220,148.61835059701693
3221,108.71149318420686
3222,2.2255350042135524
3223,986.2909833968345
3224,-0.9220266201943381
3225,1.7806597413289351
3226,1.2014212943360616
3227,1.6646973250597377
3228,1.4478392196205776
3229,0.8203368710210395
3230,271.86401284239207
3231,24.166801464458004
3232,1.7067032154251043
3233,312.7339342466205
3234,0.5867785227124924
3235,8.17498313977736
3236,1.9079016001668705
3237,1.4814543742923905
3238,2.5626553528852116
3239,951.0110185466071
3240,0.15019643744473749
3241,2.5857694988480118
3242,3.2948591380728116
3243,0.3875675586821017
3244,608.9260337684589
3245,1.1086957058980869
3246,744.0711461466096
3247,2.5969962194825813
3248,1.821843477209445
3249,284.655621515917
3250,3.030890414486767
3251,778.636333724364
3252,97.9402821322688
3253,0.7738440297630047
3254,1.269964207045562
3255,1002.6695139328743
3256,2.322240855529067
3257,429.8113423174934
3258,5.59533838507887
3259,2.674017319897964
3260,1.8496256656328744
3261,0.8427667934257276
3262,1.438890737880035
3263,323.92036805244544
3264,6.716530329762659
3265,1.4397682538970873
3266,36.922113171851905
3267,409.0798084078899
3268,0.7683888389473886
3269,1.597039823326285
3270,0.2016771297012304
3271,3.0157291089650267
3272,2.428198844047954
3273,2.109967079494552
3274,1.4838395211402562
3275,-0.43890429171513634
3276,517.0436286318951
3277,1056.999429759614
3278,489.46413714944833
3279,1.4658306480639876
3280,0.007298679364431349
3281,0.7660153771821404
3282,966.2837064432663
3283,7.1748386582991674
3284,0.08753357947676255
3285,1.2563242829830716
3286,855.3763881441432
3287,1.3627583451861374
3288,774.5652847850025
3289,744.3474104327903
3290,4.197348682483883
3291,0.28176928105151355
3292,525.4135192577944
3293,356.2138950529294
3294,2.0367481467483364
3295,38.9422328578729
3296,2.2929673392259904
3297,30.489349281390826
3298,1.0384780340592656
3299,214.78048668654128
3300,1.544800394450364
3301,444.81206961885533
3302,1.7589147519379194
3303,1.433204854195028
3304,1.5964473046958392
3305,803.1667867385273
3306,-0.02814503660577683
3307,1.393377635676253
3308,440.36424530097736
3309,1.2242615586460657
3310,0.4939968401795292
3311,446.16136250695723
3312,182.73345681125016
3313,146.73338294930593
3314,351.2188146697464
3315,680.1277905131562
3316,3.3562267729333044
3317,161.11644911860373
3318,0.8287001891221691
3319,95.40407511268705
3320,756.4944229922
3321,-9.715931144594663
3322,-0.7224253936009337
3323,2.875360109504903
3324,1.1400686045166575
3325,1.9796376887083427
3326,922.4734548390563
3327,1.8975718589144088
3328,232.9776488306297
3329,88.24559450206156
3330,875.1146280493904
3331,2.671238196294665
3332,122.69619259975897
3333,-0.2872004448306165
3334,990.5056709289888
